demension,Win,Tie,Loss,Our_score,Baseline_score
Argument,0.1978021978021978,0.12087912087912088,0.6813186813186813,5.164835164835165,6.263736263736264
Source,0.07692307692307693,0.8241758241758241,0.0989010989010989,4.175824175824176,4.131868131868132
Language,0.08791208791208792,0.6373626373626373,0.27472527472527475,7.131868131868132,7.593406593406593
General,0.2087912087912088,0.13186813186813187,0.6593406593406593,5.43956043956044,6.1098901098901095
